feature,importance
total_cost_of_service,0.8438607179731734
opex,0.06962749702309615
throughput_barrels,0.05775431242614056
rate_base,0.02710396844349206
rate_of_return_pct,0.0016535041340978416
